20160825,elpais,0.33448576243215244,""
20170929,elpais,0.324504560706959,0.51
20180424,"","",-0.39
20180516,elpais,0.49102158880247976,-0.95
20181112,elpais,0.511822062513776,-0.64
20190112,elpais,0.2475192990989215,""
20200218,elpais,0.4109630784571234,""
20181212,elpais,0.39078876804677337,1.35
20190111,"","",0.23
20190305,"","",-0.02
20191005,elpais,0.3486802546580349,""
20171107,"","",-0.83
20180402,elpais,0.39235570148986526,""
20180705,elpais,0.2954169611672068,1.11
20181115,elpais,0.199525480524531,-0.36
20200311,elpais,0.3272794222174194,""
20170605,"","",-0.19
20170625,elpais,0.6515628115725343,""
20170905,elpais,0.5912036895898719,-0.62
20171024,"","",0.44
20180714,elpais,0.5034184680318649,""
20180904,"","",0.0
20181031,elpais,0.37941091795319876,0.99
20181103,elpais,0.49160673839596813,""
20181207,elpais,0.1877854361899919,0.58
20190113,elpais,0.9181231198215168,""
20191116,elpais,0.22485192967146528,""
20181011,elpais,0.37541447235482706,-1.69
20190208,elpais,0.4065788935012112,-0.91
20190417,"","",0.55
20170613,"","",0.37
20170809,"","",-1.29
20170913,elpais,0.532832264801691,0.34
20180702,elpais,0.3720930599911015,-0.67
20180930,elpais,0.311332455369011,""
20170504,"","",1.62
20170725,"","",0.74
20180510,elpais,0.5145429926020261,0.25
20190201,elpais,0.5965700106690883,-0.41
20190620,elpais,0.5303484630087935,-0.25
20190911,"","",-0.21
20191230,"","",-0.91
20200217,elpais,0.3132264128191113,""
20170413,"","",-0.33
20171018,"","",0.55
20180303,elpais,0.47665699046046756,""
20180427,elpais,0.6480608530566917,0.23
20180520,elpais,0.494234790224194,""
20180805,elpais,0.3421183763369348,""
20181116,"","",-0.18
20190218,elpais,0.3093514473322965,0.35
20190906,elpais,0.3749284589418287,-0.03
20191203,"","",-0.22
20170723,elpais,0.38830847769732374,""
20171130,elpais,0.4016061466875872,-0.55
20190613,elpais,0.37524991641787575,0.09
20161125,elpais,0.5798841027500283,""
20170113,"","",1.11
20170813,elpais,0.4856873880318656,""
20170918,elpais,0.385593018191631,0.2
20180205,elpais,0.5859801502932037,-1.44
20190324,elpais,0.5151346687482102,""
20161209,"","",0.26
20180226,elpais,0.6545955316795161,0.81
20190813,elpais,0.31926309196400016,0.22
20161011,elpais,0.5575522915981733,""
20170308,"","",0.5
20171120,"","",0.15
20180701,elpais,0.6461511564744347,""
20180704,elpais,0.39694039946442344,1.0
20190126,elpais,0.02922665889296529,""
20190603,elpais,0.31606827946372895,0.21
20170803,"","",0.33
20171013,elpais,0.4419959597381935,-0.17
20180918,elpais,0.36070763863965183,0.46
20190416,"","",0.0
20180228,elpais,0.44307145020495053,-0.61
20180803,elpais,0.650566798823838,0.43
20180927,elpais,0.24292078172769682,0.03
20181225,elpais,0.8074779172567792,""
20190222,elpais,0.6654283809141153,0.15
20170117,"","",-0.16
20171121,elpais,0.47919766261027413,-0.32
20180515,elpais,0.31194284422480256,-0.49
20190121,elpais,0.5010972953620291,-0.17
20190412,"","",0.24
20190529,"","",-1.21
20191103,elpais,0.35899760534537206,""
20191209,"","",-0.3
20170410,elpais,0.22507983783259183,-0.87
20170428,"","",0.3
20190527,elpais,0.22304537753231013,0.46
20191204,"","",1.48
20191225,elpais,0.5366107836125525,""
20200303,elpais,0.3272794222174194,""
20161223,elpais,0.2970473982295417,0.37
20170223,elpais,0.4030915014900807,0.17
20170524,elpais,0.5796598144099088,-0.08
20180619,elpais,0.5280133865246899,-0.14
20181114,elpais,0.6327993062182765,-0.42
20181222,elpais,0.4670383533479054,""
20190331,elpais,0.26785661316185855,""
20190531,"","",-1.68
20170302,"","",-0.36
20170420,"","",0.02
20170717,elpais,0.4115794803651841,-0.04
20170805,elpais,0.4936608653610451,""
20180216,elpais,0.6126999108920935,1.21
20181206,"","",-2.75
20190211,elpais,0.5574771489859122,0.9
20190920,elpais,0.3793091496306239,0.47
20170207,elpais,0.5124002386363088,-0.28
20170323,"","",0.93
20170522,"","",-0.39
20190921,elpais,0.5192244862169327,""
20191026,elpais,0.5428455242251405,""
20180616,elpais,0.26281568882995554,""
20190712,elpais,0.12429489002941504,0.14
20190929,elpais,0.30792003259533873,""
20170526,elpais,0.15762007726674238,-0.31
20170904,"","",-0.8
20180527,elpais,0.5333813071103886,""
20190123,"","",1.01
20190814,"","",-1.98
20200301,elpais,0.3272794222174194,""
20200316,elpais,0.3272794222174194,""
20170104,"","",-0.33
20171117,"","",-0.78
20191218,"","",0.06
20191222,elpais,0.4235198979598714,""
20200118,elpais,0.369318411981327,""
20180908,elpais,0.4205868345874496,""
20190205,"","",1.3
20190701,"","",0.72
20190825,elpais,0.5492796950966851,""
20190907,elpais,0.4185352036005227,""
20191018,"","",-0.11
20200420,elpais,0.3272794222174194,""
20180528,"","",-0.63
20190308,"","",-1.3
20190520,"","",-0.87
20191014,"","",-0.29
20200104,elpais,0.528493642580852,""
20200331,elpais,0.3272794222174194,""
20160727,elpais,0.5925327291119632,""
20171212,elpais,0.425730368498098,-0.18
20180222,elpais,0.5637738003575186,0.54
20180715,elpais,0.3637117730456855,""
20190227,"","",-0.17
20170313,elpais,0.4288951574676737,-0.1
20170518,elpais,0.32356532591267223,-0.94
20180826,elpais,0.44565806881093256,""
20181213,elpais,0.32622257789266346,0.82
20190109,elpais,0.304822665681973,-0.27
20190715,"","",0.33
20190729,elpais,0.19948524123991865,-0.11
20170925,elpais,0.3882258208584233,-0.86
20181227,elpais,0.6088232785015687,-1.38
20190313,elpais,0.25259046140082336,0.34
20191031,elpais,0.4339121880553008,-0.29
20170709,elpais,0.30607661071827236,""
20181127,elpais,0.26991522184393163,-0.06
20191101,elpais,0.5999631256814731,0.76
20191109,elpais,0.22327249656403583,""
20191121,elpais,0.45462486223704834,-0.12
20170623,elpais,0.6566182178688126,-0.74
20180411,elpais,0.3718186323700017,-0.28
20180505,elpais,0.035975894535998726,""
20190521,elpais,0.4503976041959748,0.43
20190704,elpais,0.43463545373705814,0.07
20170116,elpais,0.5558043732573019,-1.07
20170208,"","",-0.02
20170924,elpais,0.28359016700971423,""
20190115,elpais,0.4145733772157494,0.36
20190917,"","",-0.53
20160725,elpais,0.1222142868932126,""
20170405,"","",0.4
20171031,"","",0.74
20190314,"","",0.19
20190406,elpais,0.46570719136891087,""
20190617,"","",-0.68
20191213,"","",1.01
20170630,elpais,0.44177659018785087,-0.82
20171209,elpais,0.5124172326343293,""
20180119,elpais,0.5776044362278324,0.45
20180525,"","",-1.7
20190728,elpais,0.12326688458171618,""
20191202,"","",-2.09
20161009,elpais,0.20062062598710695,""
20170721,"","",-1.31
20181023,elpais,0.09341942993919108,-0.91
20200307,elpais,0.3272794222174194,""
20170505,elpais,0.5702823723791058,1.11
20180718,elpais,0.6569498617750482,0.35
20180807,"","",0.52
20200214,elpais,0.5513633340402576,""
20200423,elpais,0.3272794222174194,""
20170404,"","",0.35
20170516,"","",0.22
20180601,"","",1.76
20191127,elpais,0.40640289478085023,0.41
20200421,elpais,0.3272794222174194,""
20170914,elpais,0.37402516073952574,-0.1
20180322,elpais,0.5430740608595024,-1.49
20170821,"","",-0.25
20180404,elpais,0.40108095934620663,-0.38
20190108,elpais,0.39639181816602453,0.81
20190130,elpais,0.4500355797282346,-0.52
20190325,elpais,0.22506552728901477,-0.21
20161217,elpais,0.38173548986876915,""
20161219,"","",-0.81
20170515,"","",0.56
20170627,"","",-0.46
20171226,elpais,0.45347630696653435,""
20180417,"","",0.39
20181217,"","",-0.83
20191029,"","",-0.35
20191113,"","",-1.21
20191128,"","",-0.04
20191223,elpais,0.11484703472490995,-0.16
20200407,elpais,0.3272794222174194,""
20161228,elpais,0.13885870765398137,-0.34
20190102,elpais,0.20672291788200706,0.12
20190106,elpais,0.518453497835877,""
20190329,elpais,0.5535928011467642,0.72
20190730,"","",-2.48
20190827,elpais,0.6370757021469924,0.57
20191023,elpais,0.24966154536317112,0.05
20170329,"","",-0.21
20170424,"","",3.76
20171124,elpais,0.7928898344893214,0.21
20190317,elpais,0.6040779400371824,""
20191002,elpais,0.4805243485765183,-2.77
20181106,elpais,0.13779215683584325,-0.24
20170224,elpais,0.40439914981032665,-0.42
20190918,"","",0.31
20171202,elpais,0.48054875190991875,""
20180209,"","",-1.2
20180823,elpais,0.33856165414853395,-0.13
20181024,elpais,0.17717262650719773,-0.56
20181205,elpais,0.2984669055750907,-0.55
20200313,elpais,0.3272794222174194,""
20170406,"","",1.12
20180125,elpais,0.5862400985247372,0.31
20181219,elpais,0.06167875348664292,0.78
20190908,elpais,0.4457845900681934,""
20200213,elpais,0.29471612042103645,""
20170705,elpais,0.3199274367809623,-0.41
20170902,elpais,0.5145368354230007,""
20171101,"","",-0.16
20171106,"","",-0.4
20190319,"","",0.88
20190508,elpais,0.4784664357387805,-0.09
20190709,elpais,0.26283794730391885,-0.12
20190713,elpais,0.6138188817061925,""
20190830,elpais,0.33186720591411667,0.21
20200306,elpais,0.3272794222174194,""
20181221,elpais,0.3843065894238956,-0.46
20190726,elpais,0.14922632000351913,-0.69
20191216,"","",1.22
20200417,elpais,0.3272794222174194,""
20171114,elpais,0.4250016727672929,-0.59
20180810,elpais,0.09674599064970496,-1.56
20190630,elpais,0.5372118328924116,""
20190809,elpais,0.36586031137173647,-1.25
20161010,elpais,0.7417334532203389,""
20161208,elpais,0.5521646177776861,2.06
20170201,"","",0.17
20170620,elpais,0.41299310359562286,-0.95
20170724,elpais,0.5206037181670159,0.19
20180305,"","",0.63
20190221,elpais,0.6612019107113074,0.11
20190410,"","",-0.01
20191229,elpais,0.3245022330745694,""
20200124,elpais,0.6336068842176491,""
20180304,elpais,0.2344198256438917,""
20180406,elpais,0.294185713054307,-0.6
20190310,elpais,0.39794028507373036,""
20190708,elpais,0.4207013804055713,-0.54
20190724,"","",0.52
20180426,elpais,0.4636089854238431,0.45
20180806,elpais,0.39764147604056854,-0.18
20200324,elpais,0.3272794222174194,""
20170331,elpais,0.4998549633149789,0.55
20170531,"","",0.03
20180902,elpais,0.3055991959698955,""
20170901,elpais,0.6303975342930688,0.25
20170919,elpais,0.4241271024452608,0.39
20180814,elpais,0.5284621008069532,-0.25
20200228,elpais,0.3272794222174194,""
20171227,elpais,0.4436676193787767,-0.16
20181021,elpais,0.38638900710462937,""
20181208,elpais,0.4530984625690385,""
20190706,elpais,0.2678943537206003,""
20190924,elpais,0.28036146431930375,0.27
20161028,elpais,0.42338883989186377,""
20171230,elpais,0.599196357224893,""
20191227,elpais,0.15463784736310068,0.4
20200321,elpais,0.3272794222174194,""
20180110,"","",0.02
20180623,elpais,0.5260850066276553,""
20181224,elpais,0.35696604301378565,-0.89
20200402,elpais,0.3272794222174194,""
20170626,elpais,0.2537866268813145,0.62
20190806,elpais,0.32341832834862383,-0.89
20170712,"","",1.07
20170719,"","",0.6
20180423,elpais,0.16683768540683522,0.38
20181220,"","",-1.97
20191108,elpais,0.42335994649212605,-0.57
20170419,elpais,0.5502701634017234,1.03
20170921,"","",0.05
20180128,elpais,0.3228078774240138,""
20170112,elpais,0.4678321592940428,-0.01
20170812,elpais,0.43787197244715353,""
20171023,"","",-0.6
20180721,elpais,0.4204420669350551,""
20180913,elpais,0.34369443660669646,0.24
20200425,elpais,0.3272794222174194,""
20170606,elpais,0.7245690949936615,-0.05
20180819,elpais,0.5546695319931625,""
20190304,elpais,0.33988654797975104,-0.09
20200319,elpais,0.3272794222174194,""
20180422,elpais,0.5121919402400751,""
20180508,elpais,0.46543290659556624,0.27
20190510,elpais,0.27848431507025956,0.25
20170608,elpais,0.41570349514595945,0.75
20180113,elpais,0.3118437772473225,""
20180116,elpais,0.13708566129068694,0.51
20181005,elpais,0.4544627193153769,-0.65
20190509,elpais,0.3744417674281933,-1.43
20191020,elpais,0.5114527347902953,""
20191024,"","",0.07
20170509,elpais,0.6215175443193215,-0.42
20170731,elpais,0.45622827567454977,-0.32
20170911,elpais,0.7305774881105079,1.91
20180917,elpais,0.32882708504603986,0.42
20170119,"","",-0.08
20190623,elpais,0.45121206396740693,""
20170726,elpais,0.7644607954855547,0.49
20180817,"","",-0.11
20190731,elpais,0.2774296547389946,-0.17
20191013,elpais,0.2294272582689495,""
20171123,elpais,0.7798561553547606,0.19
20170130,"","",-1.5
20170711,elpais,0.5394124130624544,-0.57
20171210,elpais,0.3853406578952957,""
20190119,elpais,0.2935950043325873,""
20180221,elpais,0.44501654705526755,-0.73
20180502,elpais,0.6088360336610817,1.09
20180711,elpais,0.43142426690722013,-1.57
20180726,elpais,0.4744894895593571,0.79
20190128,elpais,0.33866689308956716,-1.34
20200414,elpais,0.3272794222174194,""
20170421,elpais,0.31344787781856714,0.04
20180203,elpais,0.4250766121281849,""
20180314,"","",-0.03
20180608,elpais,0.4736160111254898,-0.84
20180717,elpais,0.5916154373415813,0.03
20180915,elpais,0.5671185871734474,""
20181027,elpais,0.30994451113391924,""
20190118,"","",1.8
20200101,elpais,0.5818979911458698,""
20200205,elpais,0.6621143365257978,""
20200224,elpais,0.1613813029116085,""
20161006,elpais,0.5852813037324289,""
20170727,elpais,0.5884008258501533,0.26
20171009,elpais,0.20124558381041752,0.5
20171016,"","",-0.75
20171026,"","",1.92
20171128,elpais,0.5042628795890166,0.81
20180513,elpais,0.5041043058892667,""
20181107,elpais,0.2835841302086878,1.99
20190228,"","",0.72
20190408,"","",-0.76
20170411,"","",-0.21
20170822,"","",0.48
20170906,"","",-0.48
20190322,elpais,0.3063807190557329,-1.67
20191019,elpais,0.31977150525359355,""
20200127,elpais,0.4179177544801595,""
20170612,elpais,0.48339230395555105,-1.24
20171108,"","",-0.02
20180521,elpais,0.4692606619770109,-0.45
20180710,elpais,0.1905891105046327,-0.38
20190828,elpais,0.5028221021855038,0.21
20190904,elpais,0.3232429991666908,0.54
20170609,"","",0.23
20170611,elpais,0.4014731651272228,""
20190107,"","",0.44
20190428,elpais,0.2816636682646627,""
20190714,elpais,0.5733890204199308,""
20190812,"","",-0.93
20181123,"","",0.12
20191114,elpais,0.3165814096565274,-0.23
20191212,"","",0.81
20180112,"","",0.26
20180526,elpais,0.47693046196300126,""
20181006,elpais,0.007863675573575103,""
20181014,elpais,0.24498624915049205,""
20181120,elpais,0.4399258516550195,-1.55
20190425,"","",0.47
20190815,"","",-0.04
20191123,elpais,0.28180090313780143,""
20180225,elpais,0.4128582684376242,""
20180724,"","",0.48
20190411,"","",0.41
20190916,elpais,0.6242212441015224,-0.94
20190426,"","",0.05
20200411,elpais,0.3272794222174194,""
20170105,"","",0.27
20190505,elpais,0.45105087555568707,""
20190522,"","",-0.07
20160712,elpais,0.8309432015757638,""
20170221,"","",0.36
20170324,elpais,0.20659399531671438,-0.15
20180108,elpais,0.47611594802357754,-0.12
20180215,elpais,0.49061859236646777,0.3
20180312,elpais,0.43129736716137307,0.43
20180315,"","",-0.04
20190125,elpais,0.29019841633559634,0.38
20190905,"","",1.54
20191220,elpais,0.47104475152621356,0.61
20170303,"","",0.85
20180201,elpais,0.3724656445260952,-0.5
20181128,"","",0.19
20181129,"","",-0.04
20190328,elpais,0.19571521876193876,-0.6
20170202,"","",0.81
20170716,elpais,0.47296331014560944,""
20170818,"","",-0.56
20180607,elpais,0.2298535214288986,0.38
20170306,elpais,0.33045097810994284,0.06
20190807,elpais,0.5108392633811901,0.54
20200109,elpais,0.3519651140356676,""
20161127,elpais,0.33187622760600427,""
20170926,elpais,0.41768402770152285,-0.26
20180114,elpais,0.2784119949670378,""
20180727,elpais,0.43380307313827837,0.9
20181022,elpais,0.36151019604260043,-0.96
20181101,elpais,0.08001124133223027,0.69
20181202,elpais,0.31961930894979224,""
20191001,elpais,0.5532072684124097,-0.85
20191015,"","",1.19
20170109,"","",-0.24
20170720,elpais,0.4775255225408317,-0.22
20191102,elpais,0.43718716443405853,""
20200406,elpais,0.3272794222174194,""
20170514,elpais,0.4196308736529567,""
20171113,elpais,0.4816781088786189,-0.42
20181204,elpais,0.2515422310539787,-1.28
20190930,elpais,0.3207098742031604,0.66
20191125,elpais,0.5372610982364306,0.7
20200501,elpais,0.3272794222174194,""
20170706,elpais,0.5050665461491215,-0.24
20171122,elpais,0.8754415357421376,0.21
20190202,elpais,0.34085353541128793,""
20190214,elpais,0.7311919182270177,-0.33
20190717,elpais,0.3965674913554142,-0.99
20191022,"","",-0.24
20191111,"","",-0.06
20170114,elpais,0.4617305729832573,""
20170607,elpais,0.44363003228935655,-0.07
20171103,"","",-0.96
20171110,"","",-0.48
20171201,elpais,0.10691808244702036,-1.23
20171213,elpais,0.5288764502757851,-0.27
20181119,elpais,0.2241936619107029,-0.56
20190206,"","",0.1
20190725,"","",-0.43
20191009,"","",0.58
20191106,elpais,0.47947355757522064,-0.1
20171207,elpais,0.3975547346177935,0.77
20180531,"","",-1.05
20190817,elpais,0.644897533196346,""
20180118,"","",-0.4
20180213,elpais,0.4722026257787535,-1.23
20180323,"","",-0.99
20180612,elpais,0.6151335849051851,0.16
20190925,elpais,0.07496052853888133,-0.36
20170713,"","",0.93
20170811,elpais,0.5636947461130416,-1.6
20180517,elpais,0.2985616573747711,1.04
20190720,elpais,0.7420399724701479,""
20200131,elpais,0.3607905657266163,""
20200329,elpais,0.3272794222174194,""
20170409,elpais,0.2829807958523832,""
20170703,elpais,0.3670335516809087,1.53
20180611,"","",1.56
20190430,elpais,0.22498225798908758,0.56
20191228,elpais,0.3501667681513064,""
20170912,"","",0.13
20180124,"","",-0.44
20180227,"","",-0.02
20181231,elpais,0.35419723408694,0.54
20190212,"","",0.52
20180327,"","",0.99
20180518,"","",-1.02
20190415,elpais,0.8166021113476462,0.3
20200227,elpais,0.3272794222174194,""
20200312,elpais,0.3272794222174194,""
20170120,"","",0.01
20170718,elpais,0.6450148736774397,-1.19
20180630,elpais,0.3207997088915532,""
20180723,elpais,0.30719532200494243,0.01
20190513,elpais,0.6791632318446796,-0.78
20161214,"","",-1.21
20170427,"","",-0.74
20171228,elpais,0.493681629762593,-0.71
20180413,elpais,0.30350279651240863,0.21
20180906,elpais,0.2976425329220793,-1.0
20190703,elpais,0.3368312859395934,1.22
20190719,elpais,0.6247365664065995,-0.6
20190829,elpais,0.22937922528343738,0.54
20200115,elpais,0.23453767492242053,""
20180117,elpais,0.49447402341915875,-0.44
20180504,elpais,0.08624216933855802,0.65
20180808,elpais,0.16917060142514606,-0.26
20190104,elpais,0.15002771537661191,2.52
20190122,elpais,0.38542741334455516,-0.18
20190422,elpais,0.43470220961449973,""
20190607,elpais,0.5635042082630354,0.73
20200408,elpais,0.3272794222174194,""
20200424,elpais,0.3272794222174194,""
20170523,elpais,0.2939155813487135,1.14
20170529,elpais,0.07225182425443971,-0.19
20170928,elpais,0.7550915720275863,-0.39
20171025,"","",-0.51
20181002,"","",-1.08
20200304,elpais,0.3272794222174194,""
20161102,elpais,0.6568699251722995,""
20171006,"","",-0.29
20171019,"","",-0.74
20180328,"","",0.86
20190614,elpais,0.4502684710535041,-0.57
20200415,elpais,0.3272794222174194,""
20161007,elpais,0.3937210331621524,""
20161031,elpais,0.27499432471985796,""
20180802,elpais,0.5125256641717186,-1.03
20180919,elpais,0.8283367949138467,0.41
20190928,elpais,0.5442477463784149,""
20200327,elpais,0.3272794222174194,""
20160726,elpais,0.31555231662879213,""
20170227,"","",0.11
20170704,"","",-0.35
20180614,elpais,0.48368676584920145,0.59
20180709,"","",0.22
20190727,elpais,0.4491193371272793,""
20200215,elpais,0.40759423120806865,""
20200309,elpais,0.3272794222174194,""
20200320,elpais,0.3272794222174194,""
20170206,"","",-1.11
20170615,elpais,0.3895682892236739,-0.71
20170628,elpais,0.6831924849838761,0.51
20180425,elpais,0.4060412998767179,-0.26
20200121,elpais,0.17090048567015925,""
20200125,elpais,0.6570719886225989,""
20180311,elpais,0.33372268922764653,""
20180407,elpais,0.4704942597403902,""
20180507,elpais,0.5125845273057288,0.36
20180719,elpais,0.1774781699801504,-0.33
20190418,"","",0.34
20191008,elpais,0.4026725952005497,-1.15
20170217,"","",-0.57
20170629,elpais,0.36906766924108547,-1.6
20171118,elpais,0.3984015388018822,""
20181025,"","",1.24
20161229,"","",-0.19
20170310,"","",0.08
20170407,elpais,0.3686210904914995,0.1
20170503,elpais,0.9498375047332199,0.15
20180924,elpais,0.500224600261059,-0.81
20190316,elpais,0.2787465985810715,""
20180122,elpais,0.2661745653227896,1.0
20180813,elpais,0.2738753161568819,-0.75
20181102,elpais,0.2771367210275532,0.43
20200325,elpais,0.3272794222174194,""
20160912,elpais,0.23245374005067618,""
20170203,"","",0.6
20181001,elpais,0.3034958634433443,0.19
20190318,elpais,0.4656603698774693,0.72
20191231,elpais,0.49807324308791023,-0.66
20161205,elpais,0.5616423757272222,""
20161216,"","",0.77
20170124,"","",0.89
20171229,elpais,0.4703719414301086,-0.49
20180622,elpais,0.6405767174356218,0.93
20180825,elpais,0.7019103048538601,""
20190312,elpais,0.25978824548485707,-0.11
20190824,elpais,0.4193507777225926,""
20180202,elpais,0.1892602395405879,-1.81
20190519,elpais,0.19468698167990584,""
20170106,"","",0.29
20171005,"","",2.51
20180106,elpais,0.46539616555473995,""
20180401,elpais,0.4281199416922715,""
20190404,elpais,0.4165576632622623,0.49
20161211,elpais,0.5292825739082353,""
20200119,elpais,0.41764107588549937,""
20180722,elpais,0.37741454635100813,""
20181117,elpais,0.6344530171907558,""
20190330,elpais,0.43972346152921277,""
20190705,"","",-0.7
20170211,elpais,0.470676434279887,""
20171003,"","",0.02
20171204,"","",1.23
20180511,elpais,0.32216875539837375,0.24
20181009,elpais,0.1636514324420757,0.67
20181109,"","",-0.46
20190307,elpais,0.1489001918787625,-0.5
20190403,elpais,0.5834526860848075,1.33
20200404,elpais,0.3272794222174194,""
20180412,"","",0.12
20180831,elpais,0.23370971138369995,-0.72
20190530,elpais,0.43076178206475524,0.85
20170618,elpais,0.521742035894061,""
20180219,elpais,0.3149293872232085,-0.26
20180320,elpais,0.18452902983595493,0.18
20180509,elpais,0.21948824757651297,0.52
20190528,elpais,0.31488014989263996,-0.27
20191224,elpais,0.5317553579067378,0.02
20200122,elpais,0.75104897833551,""
20170714,"","",-0.03
20171116,"","",0.75
20180911,"","",0.14
20181105,elpais,0.30308017457567604,0.2
20190523,"","",-1.28
20191012,elpais,0.4058436920217399,""
20200430,elpais,0.3272794222174194,""
20161213,"","",1.58
20170125,"","",1.73
20180313,elpais,0.3937944577081268,-0.37
20180316,elpais,0.3117294346175193,0.79
20180627,"","",0.22
20180912,"","",0.24
20180923,elpais,0.4139781552932905,""
20181214,"","",-0.45
20181229,elpais,0.23087049364042725,""
20171221,"","",0.95
20180713,elpais,0.5067773430388045,-0.33
20181019,elpais,0.2591742183652464,0.03
20181108,elpais,0.44816284574599385,0.1
20190101,elpais,0.4124360777415352,""
20170426,"","",-0.18
20170825,elpais,0.5231579372957051,-0.12
20170908,elpais,0.562117965016538,0.05
20180801,elpais,0.3971723230488075,-0.72
20181007,elpais,0.05108265737416276,""
20190405,elpais,0.37625279034254094,-0.25
20180420,elpais,0.09175955918461091,0.16
20180830,elpais,0.2770928643321854,-1.06
20200427,elpais,0.3272794222174194,""
20170110,elpais,0.542388520952623,-0.43
20180512,elpais,0.44562059427040124,""
20181004,elpais,0.43183340583225144,-0.5
20190131,elpais,0.19815197469881007,-0.16
20190524,elpais,0.1865136569734113,0.66
20190718,elpais,0.372862620636226,-0.63
20190810,elpais,0.490603988526317,""
20170222,elpais,0.1875330889595285,-0.88
20170814,elpais,0.20964911378756718,1.73
20171206,elpais,0.36413259482218796,-0.27
20171220,elpais,0.378131731843498,-0.26
20180816,elpais,0.16772280655425073,0.43
20190910,elpais,0.4617570261836561,0.75
20191119,elpais,0.4082607399369703,0.01
20161212,"","",0.18
20170510,elpais,0.7388073737437464,-0.13
20190707,elpais,0.37710729525515607,""
20191118,elpais,0.3103999384781604,-0.04
20191219,"","",-0.05
20170115,elpais,0.22993855419214082,""
20170314,"","",-0.91
20170807,elpais,0.6744135141912214,0.17
20180618,elpais,0.630404686434898,-0.83
20190419,elpais,0.10513166056857409,""
20191112,"","",-0.87
20200221,elpais,0.22207135942640857,""
20200412,elpais,0.3272794222174194,""
20170710,elpais,0.6727063017340612,0.2
20180606,elpais,0.49091239573105566,1.09
20181008,elpais,0.3133813139783465,-0.59
20190110,"","",0.38
20170927,elpais,0.40672774212238805,1.76
20171030,"","",2.44
20190619,elpais,0.588428757453494,-0.1
20191105,elpais,0.29383721187421036,-0.09
20200405,elpais,0.3272794222174194,""
20171218,elpais,0.2759231861416932,0.92
20180109,elpais,0.4737374162822833,0.27
20190628,elpais,0.47337218878997567,0.56
20190710,elpais,0.21213341618018372,-0.23
20190826,"","",0.34
20191021,elpais,0.41183283936271925,0.78
20200326,elpais,0.3272794222174194,""
20170102,"","",0.71
20170216,"","",-0.31
20180920,"","",1.03
20190722,"","",-0.08
20200308,elpais,0.3272794222174194,""
20170315,"","",0.79
20170802,"","",-0.69
20180403,"","",-0.53
20180621,elpais,0.36978700437823914,-0.89
20181121,elpais,0.31223086193748945,1.06
20190819,elpais,0.3073181969564051,0.73
20191206,"","",1.51
20170309,elpais,0.3188055247066952,1.5
20171011,"","",1.34
20180331,elpais,0.6802144978634573,""
20180625,elpais,0.4908007730200187,-1.78
20181130,elpais,0.42600279505450483,-0.24
20190321,"","",-0.53
20191126,elpais,0.3909746440604334,0.05
20171205,"","",0.03
20180926,elpais,0.2171259205054768,0.33
20190225,elpais,0.4090312733130858,-0.0
20200315,elpais,0.3272794222174194,""
20170425,"","",0.15
20180115,elpais,0.6722726395319683,0.05
20180628,elpais,0.3709890361631149,-0.72
20181216,elpais,0.35187479575180225,""
20190409,"","",-0.32
20191004,"","",0.67
20191006,elpais,0.29108922121600755,""
20171004,"","",-2.85
20180207,elpais,0.25933723478720727,1.7
20180827,elpais,0.20633390131861085,0.73
20181113,elpais,0.35987010026634075,0.76
20190627,"","",-0.1
20190801,"","",0.75
20190923,"","",-0.93
20200229,elpais,0.3272794222174194,""
20180318,elpais,0.30032150106112654,""
20170622,elpais,0.4819565831110577,-0.29
20180111,elpais,0.593849811315451,0.07
20180418,elpais,0.3988189345214224,0.54
20180503,elpais,0.3946769146397671,-0.5
20180514,elpais,0.4014018293867547,-0.13
20180523,"","",-1.12
20190323,elpais,0.5153443465530926,""
20170418,"","",-0.6
20180604,elpais,0.2856544475406393,1.22
20180720,elpais,0.4396880773574711,0.04
20161215,elpais,0.529207541752454,1.33
20170804,elpais,0.46090090057683253,1.04
20170823,"","",-0.69
20180101,elpais,0.4427005176432236,""
20180330,elpais,0.37483534365770027,""
20180809,elpais,0.5835078701244641,0.08
20180811,elpais,0.6093703761497218,""
20190120,elpais,0.34633123421724893,""
20190429,"","",0.12
20170512,"","",0.33
20170829,elpais,0.6332689169064019,-0.91
20181118,elpais,0.2137942732286964,""
20190210,elpais,0.49289617885823916,""
20190915,elpais,0.615864046825735,""
20170922,elpais,0.35937610979542245,0.08
20171231,elpais,0.5993873744546301,""
20180928,"","",-1.45
20190220,elpais,0.20240382880547472,0.49
20190608,elpais,0.31052581190706,""
20190816,elpais,0.49128538240619557,1.78
20190909,"","",0.23
20191211,"","",0.77
20200219,elpais,0.16195047790965839,""
20180206,elpais,0.46410545822138116,-2.53
20180921,elpais,0.3020977953824532,0.07
20181126,elpais,0.30724054505359055,1.96
20190502,"","",-1.59
20191003,elpais,0.3162605926999618,-0.11
20170610,elpais,0.4703976716874348,""
20180326,elpais,0.45862958894333444,-0.13
20190611,elpais,0.14397116694429588,-0.13
20191205,"","",-0.3
20200318,elpais,0.3272794222174194,""
20161230,"","",0.27
20170602,elpais,0.7355332210803895,0.23
20170828,elpais,0.5498351937794316,-0.57
20180307,elpais,0.25486004390989764,0.13
20181230,elpais,0.3058775487360628,""
20190320,"","",-0.91
20191226,elpais,0.3968713301963376,""
20200323,elpais,0.3272794222174194,""
20170502,"","",0.98
20171219,elpais,0.40316349077859376,-0.1
20190503,elpais,0.36073249232697185,-0.09
20191007,elpais,0.340874041059217,0.92
20170127,"","",-0.09
20170209,elpais,0.39433880685113576,1.17
20170815,elpais,0.4169543941198726,0.19
20180321,"","",-0.52
20200220,elpais,0.2617150139505185,""
20200410,elpais,0.3272794222174194,""
20171017,"","",0.35
20180605,elpais,0.23237565146974629,-0.66
20181016,"","",1.69
20181124,elpais,0.5400160347288078,""
20200416,elpais,0.3272794222174194,""
20180131,elpais,0.45667776497972556,0.22
20180609,elpais,0.26358468446620587,""
20190223,elpais,0.2842914127064626,""
20190610,elpais,0.5879449464292968,0.63
20191129,"","",-0.07
20170330,"","",0.37
20170701,elpais,0.5192230551089426,""
20170816,elpais,0.4863770303561827,0.6
20180728,elpais,0.3231343303636812,""
20181030,elpais,0.33780296484303424,-0.17
20190216,elpais,0.1630896212614123,""
20190506,"","",-0.84
20190516,elpais,0.3373354409503554,1.39
20190618,elpais,0.3585240698383095,1.19
20190811,elpais,0.13004693326895514,""
20170920,"","",-0.83
20171012,elpais,0.3737092282282349,-0.02
20180212,elpais,0.44217284450665684,1.36
20180821,elpais,0.5177545454148293,0.85
20181209,elpais,0.480179362789508,""
20190606,"","",0.2
20191017,elpais,0.4412198220197229,-0.5
20170321,"","",-0.02
20170412,"","",-0.54
20170728,"","",-0.63
20170824,"","",0.19
20180102,elpais,0.5387248948002815,0.35
20181210,elpais,0.6057677425877329,-1.76
20190507,elpais,0.3923234182326461,-1.03
20191016,elpais,0.2514343528822736,0.33
20161222,elpais,0.43439901424335653,-0.41
20170214,"","",0.28
20181201,elpais,0.30269442322801005,""
20181215,elpais,0.4932211284438228,""
20170307,elpais,0.7015145227055035,-0.02
20170903,elpais,0.6470439248489911,""
20190219,elpais,0.5458064770971373,-0.21
20161218,elpais,0.40536048857504886,""
20180104,elpais,0.5425231807528531,1.96
20190207,"","",-1.79
20190902,elpais,0.5083559219658779,0.03
20200203,elpais,0.0,""
20170131,elpais,0.4365621132001782,-0.49
20170213,"","",1.13
20170320,"","",-0.31
20170403,"","",-1.32
20170525,"","",0.28
20180308,"","",0.49
20180731,elpais,0.4512894512069817,0.17
20190612,"","",-0.47
20200429,elpais,0.3272794222174194,""
20170228,"","",0.96
20170616,elpais,0.49257259150821087,0.56
20171211,elpais,0.4068543476083814,-0.14
20200103,"","",-0.46
20200401,elpais,0.3272794222174194,""
20200403,elpais,0.3272794222174194,""
20161121,elpais,0.29266216074151474,""
20180730,elpais,0.36053883015945104,-0.14
20180824,elpais,0.3562056498217133,0.23
20190624,elpais,0.4148764735721005,-0.38
20190927,elpais,0.19667233446525884,0.6
20200225,elpais,0.1613813029116085,""
20170601,elpais,1.0,0.01
20181012,"","",-1.18
20161221,"","",-0.38
20170808,elpais,0.6067073525577668,0.55
20180120,elpais,0.4230579057922874,""
20190424,elpais,0.9873129336354378,-0.74
20170817,elpais,0.38327068956323795,-0.95
20170917,elpais,0.28206294934706255,""
20170923,elpais,0.7766259747710583,""
20180530,"","",0.47
20180907,"","",-0.41
20181110,elpais,0.5269566918664073,""
20170707,"","",-0.09
20170830,elpais,0.3993042955894396,0.52
20190105,elpais,0.4854953107213493,""
20190821,elpais,0.3888210749525162,0.97
20191120,elpais,0.17475923032422452,-0.37
20191221,elpais,0.4126209498816701,""
20170527,elpais,0.28427558480169046,""
20170810,elpais,0.6322221876383979,-1.38
20171115,"","",0.24
20180105,elpais,0.39137220955111357,0.94
20180410,elpais,0.4830022907237523,0.21
20190517,elpais,0.2824603908820806,-0.26
20190625,elpais,0.25609340684435555,-0.36
20190114,elpais,0.38895446141681556,-0.66
20200129,elpais,0.3637955607052003,""
20161128,elpais,0.4756625889909002,""
20170126,elpais,0.45111717021096326,-0.38
20170915,elpais,0.525448628061696,-0.42
20181017,"","",-0.85
20190926,elpais,0.13284007162153977,0.49
20180613,"","",-0.15
20190129,"","",0.63
20190217,elpais,0.47144998097709145,""
20190401,elpais,0.562345692649901,1.1
20180914,elpais,0.5255582256420351,0.39
20181018,elpais,0.32667936850138324,-1.2
20161207,elpais,0.38877239968760463,0.75
20180302,"","",-2.13
20191122,"","",0.44
20170118,"","",-0.09
20170220,elpais,0.5124416715380914,0.28
20170317,"","",0.77
20170327,"","",-0.06
20170801,elpais,0.4966285938209586,0.8
20180712,elpais,0.42257319611927,0.35
20190224,elpais,0.38030129842356464,""
20190423,"","",-0.57
20170511,"","",-1.57
20180204,elpais,0.5975103665955558,""
20180218,elpais,0.4502444688052132,""
20180901,elpais,0.27149738354739844,""
20190327,elpais,0.41394535861887477,0.51
20191010,elpais,0.4455979281274803,1.25
20200102,elpais,0.34095848496417835,1.49
20170322,"","",0.17
20170528,elpais,0.5775676335325776,""
20171129,elpais,0.3845996174548153,1.22
20190215,"","",1.91
20191115,"","",0.96
20200223,elpais,0.16793578687085803,""
20180306,elpais,0.5525789027710869,-0.04
20180419,elpais,0.25144239944869334,0.11
20180524,elpais,0.25928914727168373,-0.29
20181026,"","",-0.62
20190716,elpais,0.444234348855137,0.57
20190912,elpais,0.33267604247317983,0.25
20200113,elpais,0.3565286560156791,""
20170111,"","",-0.46
20170827,elpais,0.4607571223680475,""
20190103,"","",-0.31
20191104,elpais,0.3610482046877621,0.95
20190514,elpais,0.38162535757417765,0.89
20190723,elpais,0.2651664217647035,1.29
20170210,elpais,0.15869450301808774,-0.64
20170328,"","",0.84
20180415,elpais,0.47143905903790606,""
20190213,"","",-0.01
20190808,elpais,0.3572878438863885,1.41
20200409,elpais,0.3272794222174194,""
20161017,elpais,0.20249251556055478,""
20170907,"","",-0.06
20171027,"","",-1.45
20180224,elpais,0.9809335141188937,""
20180309,"","",0.41
20180706,elpais,0.6092149566692494,0.39
20181029,elpais,0.42896368083576136,1.04
20190609,elpais,0.2991256411015847,""
20191107,elpais,0.33901716225876805,0.52
20200126,elpais,0.3196660833504823,""
20180301,elpais,0.3991231524826532,-1.03
20180829,elpais,0.45400038679973614,-0.39
20190913,"","",0.61
20180126,"","",0.0
20180522,elpais,0.2896853931275131,0.72
20180804,elpais,0.316705865608236,""
20180905,elpais,0.34925569607686624,-0.8
20181003,elpais,0.31191341589291993,0.6
20190124,"","",0.23
20190711,elpais,0.372849894177076,0.3
20191025,elpais,0.5227269452747321,0.41
20170619,elpais,0.3118879476556025,0.83
20171020,"","",0.25
20180220,elpais,0.5043648437292659,0.91
20180822,elpais,0.3156259766325832,0.33
20180903,"","",-0.24
20190805,elpais,0.23244449182037427,-1.35
20170316,"","",1.85
20170614,"","",-0.98
20180127,elpais,0.52991183832544,""
20180208,elpais,0.46504257200891824,-2.21
20180409,elpais,0.5761066812674442,0.62
20180820,"","",0.54
20180910,elpais,0.4251346160011016,1.09
20181010,"","",-1.05
20190402,elpais,0.3897153640030953,0.23
20191210,"","",-0.36
20170123,"","",-0.8
20170831,elpais,0.4915411934776531,0.52
20171010,"","",-0.92
20180210,elpais,0.7015776971582447,""
20180430,"","",0.56
20180603,elpais,0.4427219675287973,""
20181020,elpais,0.39504117749447615,""
20161220,"","",0.76
20171222,"","",-1.19
20190621,elpais,0.5423810665869069,0.2
20200116,elpais,0.3086518471199366,""
20161117,elpais,0.8132395541493487,""
20170702,elpais,0.4543224094659179,""
20171127,elpais,0.46745435914090844,0.1
20180615,elpais,0.28163862491971187,-1.07
20190204,elpais,0.2903691460311841,-0.49
20190818,elpais,0.5591562620944216,""
20170722,elpais,0.654264912472176,""
20180416,elpais,0.6734807493253736,-0.01
20190822,elpais,0.44556320151247203,0.17
20161113,elpais,0.4750566471081129,""
20180103,elpais,0.39498376570553717,0.37
20180916,elpais,0.32984455824735204,""
20190226,elpais,0.1658581941700107,0.25
20190515,"","",0.54
20170215,elpais,0.6941605936893571,0.78
20170301,"","",2.05
20190605,elpais,0.3943768104626772,0.36
20200328,elpais,0.3272794222174194,""
20161120,elpais,0.47047943210578996,""
20170103,"","",0.81
20170508,"","",-0.35
20171214,elpais,0.34153368651720295,-0.82
20180629,elpais,0.6061781823892923,0.35
20190301,elpais,0.17110232230379027,-0.11
20190604,elpais,0.4493036089978202,1.05
20190903,elpais,0.5419993430779051,-0.07
20171109,"","",-0.86
20180620,elpais,0.24674033176587423,0.34
20171215,"","",-0.26
20180716,elpais,0.31000352047324303,-0.18
20190209,elpais,0.3435041532316318,""
20191011,"","",1.86
20180319,elpais,0.3982512158348187,-0.99
20180925,elpais,0.41247499878090715,-0.2
20181228,elpais,0.27441789307173486,1.55
20190311,elpais,0.3713649235717882,0.47
20190616,elpais,0.4629966517800179,""
20190626,elpais,0.6371839964456543,-0.03
20190823,elpais,0.36384589357349145,-0.77
20191030,elpais,0.2900585826932674,-1.23
20180529,elpais,0.25813959258333957,-2.49
20180626,elpais,0.24062226020535663,0.2
20170319,elpais,0.2143226991464061,""
20171208,elpais,0.37075973799294637,0.57
20190117,elpais,0.2844580161818537,-0.05
20190802,elpais,0.2206116481350588,-1.56
20190820,"","",-1.32
20191028,elpais,0.4692873085634171,0.03
20161003,elpais,0.34380539799461535,""
20161227,"","",0.1
20170909,elpais,0.4581313037179081,""
20180121,elpais,0.541764976903942,""
20180130,elpais,0.23656061040885046,-1.21
20180815,"","",-1.26
20181015,elpais,0.3911355395045618,0.24
20181211,elpais,0.3555110946113512,0.87
20190702,"","",0.18
20190919,elpais,0.4307558266398915,1.15
20171002,"","",-1.21
20180129,elpais,0.4355993723540382,-0.38
20180214,"","",0.37
20170530,elpais,0.3687849034492795,-0.07
20180223,"","",-0.55
20181122,elpais,0.32402945261815247,-0.61
20181203,"","",1.13
20190326,elpais,0.20530174684733982,0.03
20191217,"","",-0.67
20160728,elpais,0.3005622109323874,""
20170517,"","",-1.79
20170519,"","",1.41
20170621,elpais,0.5356774133346065,-0.05
20180123,elpais,0.3621062385134723,0.24
20180405,"","",2.39
20190116,elpais,0.31123979527031465,0.71
20190306,"","",0.42
20171102,"","",-0.47
20180329,elpais,0.37309652437984714,0.48
20180703,elpais,0.2636755623889549,1.07
20180725,elpais,0.29625494565109184,-0.72
20180828,elpais,0.2187104119251678,-0.55
20181218,elpais,0.2735189954277001,-1.27
20190315,elpais,0.3746574196562894,1.44
20200114,elpais,0.3090554852464065,""