20160820,0.5,0.0
20160825,0.33448576243215244,0.0
20161119,0.5,0.0
20170929,0.324504560706959,0.51
20180424,0.5,-0.39
20180516,0.49102158880247976,-0.95
20181112,0.511822062513776,-0.64
20190112,0.2475192990989215,0.0
20200218,0.4109630784571234,0.0
20200413,0.5,0.0
20181212,0.39078876804677337,1.35
20190111,0.5,0.23
20190305,0.5,-0.02
20191005,0.3486802546580349,0.0
20200314,0.5,0.0
20171015,0.5,0.0
20171107,0.5,-0.83
20180402,0.39235570148986526,0.0
20180705,0.2954169611672068,1.11
20181115,0.199525480524531,-0.36
20200311,0.3272794222174194,0.0
20170605,0.5,-0.19
20170625,0.6515628115725343,0.0
20170905,0.5912036895898719,-0.62
20171024,0.5,0.44
20180714,0.5034184680318649,0.0
20180904,0.5,0.0
20181031,0.37941091795319876,0.99
20181103,0.49160673839596813,0.0
20181207,0.1877854361899919,0.58
20190113,0.9181231198215168,0.0
20190420,0.5,0.0
20191116,0.22485192967146528,0.0
20181011,0.37541447235482706,-1.69
20190208,0.4065788935012112,-0.91
20190417,0.5,0.55
20161201,0.5,0.0
20170613,0.5,0.37
20170809,0.5,-1.29
20200202,0.5,0.0
20170913,0.532832264801691,0.34
20180702,0.3720930599911015,-0.67
20180930,0.311332455369011,0.0
20181104,0.5,0.0
20161026,0.5,0.0
20161115,0.5,0.0
20170504,0.5,1.62
20170725,0.5,0.74
20180510,0.5145429926020261,0.25
20190201,0.5965700106690883,-0.41
20190620,0.5303484630087935,-0.25
20190911,0.5,-0.21
20191230,0.5,-0.91
20200217,0.3132264128191113,0.0
20161108,0.5,0.0
20170413,0.5,-0.33
20171018,0.5,0.55
20180303,0.47665699046046756,0.0
20180427,0.6480608530566917,0.23
20180520,0.494234790224194,0.0
20180805,0.3421183763369348,0.0
20181116,0.5,-0.18
20190218,0.3093514473322965,0.35
20190906,0.3749284589418287,-0.03
20191203,0.5,-0.22
20161106,0.5,0.0
20170723,0.38830847769732374,0.0
20171130,0.4016061466875872,-0.55
20180421,0.5,0.0
20190613,0.37524991641787575,0.09
20161125,0.5798841027500283,0.0
20170113,0.5,1.11
20170122,0.5,0.0
20170521,0.5,0.0
20170813,0.4856873880318656,0.0
20170918,0.385593018191631,0.2
20171105,0.5,0.0
20180205,0.5859801502932037,-1.44
20180707,0.5,0.0
20190309,0.5,0.0
20190324,0.5151346687482102,0.0
20160814,0.5,0.0
20161209,0.5,0.26
20180226,0.6545955316795161,0.81
20180429,0.5,0.0
20190813,0.31926309196400016,0.22
20161011,0.5575522915981733,0.0
20161114,0.5,0.0
20170308,0.5,0.5
20171120,0.5,0.15
20180701,0.6461511564744347,0.0
20180704,0.39694039946442344,1.0
20190126,0.02922665889296529,0.0
20190603,0.31606827946372895,0.21
20160828,0.5,0.0
20170803,0.5,0.33
20171013,0.4419959597381935,-0.17
20180408,0.5,0.0
20180918,0.36070763863965183,0.46
20190416,0.5,0.0
20161224,0.5,0.0
20180228,0.44307145020495053,-0.61
20180803,0.650566798823838,0.43
20180927,0.24292078172769682,0.03
20181225,0.8074779172567792,0.0
20190222,0.6654283809141153,0.15
20170117,0.5,-0.16
20171121,0.47919766261027413,-0.32
20180515,0.31194284422480256,-0.49
20190121,0.5010972953620291,-0.17
20190412,0.5,0.24
20190501,0.5,0.0
20190529,0.5,-1.21
20190804,0.5,0.0
20191103,0.35899760534537206,0.0
20191209,0.5,-0.3
20200106,0.5,0.0
20170410,0.22507983783259183,-0.87
20170428,0.5,0.3
20190407,0.5,0.0
20190527,0.22304537753231013,0.46
20191204,0.5,1.48
20191225,0.5366107836125525,0.0
20200303,0.3272794222174194,0.0
20161223,0.2970473982295417,0.37
20170223,0.4030915014900807,0.17
20170417,0.5,0.0
20170524,0.5796598144099088,-0.08
20180619,0.5280133865246899,-0.14
20181114,0.6327993062182765,-0.42
20181222,0.4670383533479054,0.0
20190331,0.26785661316185855,0.0
20190531,0.5,-1.68
20191214,0.5,0.0
20170302,0.5,-0.36
20170420,0.5,0.02
20170717,0.4115794803651841,-0.04
20170805,0.4936608653610451,0.0
20171008,0.5,0.0
20180216,0.6126999108920935,1.21
20181206,0.5,-2.75
20190211,0.5574771489859122,0.9
20190920,0.3793091496306239,0.47
20160804,0.5,0.0
20170207,0.5124002386363088,-0.28
20170323,0.5,0.93
20170522,0.5,-0.39
20190921,0.5192244862169327,0.0
20191026,0.5428455242251405,0.0
20180616,0.26281568882995554,0.0
20190712,0.12429489002941504,0.14
20190929,0.30792003259533873,0.0
20170526,0.15762007726674238,-0.31
20170904,0.5,-0.8
20180527,0.5333813071103886,0.0
20190123,0.5,1.01
20190814,0.5,-1.98
20200301,0.3272794222174194,0.0
20200316,0.3272794222174194,0.0
20160724,0.5,0.0
20160807,0.5,0.0
20170104,0.5,-0.33
20171117,0.5,-0.78
20191218,0.5,0.06
20191222,0.4235198979598714,0.0
20200118,0.369318411981327,0.0
20160723,0.5,0.0
20160907,0.5,0.0
20161013,0.5,0.0
20180908,0.4205868345874496,0.0
20190205,0.5,1.3
20190701,0.5,0.72
20190825,0.5492796950966851,0.0
20190907,0.4185352036005227,0.0
20191018,0.5,-0.11
20200420,0.3272794222174194,0.0
20170617,0.5,0.0
20180528,0.5,-0.63
20190308,0.5,-1.3
20190520,0.5,-0.87
20191014,0.5,-0.29
20200104,0.528493642580852,0.0
20200331,0.3272794222174194,0.0
20160727,0.5925327291119632,0.0
20171212,0.425730368498098,-0.18
20180222,0.5637738003575186,0.54
20180715,0.3637117730456855,0.0
20190227,0.5,-0.17
20170313,0.4288951574676737,-0.1
20170430,0.5,0.0
20170518,0.32356532591267223,-0.94
20180826,0.44565806881093256,0.0
20181213,0.32622257789266346,0.82
20190109,0.304822665681973,-0.27
20190715,0.5,0.33
20190729,0.19948524123991865,-0.11
20160717,0.5,0.0
20161226,0.5,0.0
20170910,0.5,0.0
20170925,0.3882258208584233,-0.86
20181227,0.6088232785015687,-1.38
20190313,0.25259046140082336,0.34
20191031,0.4339121880553008,-0.29
20191110,0.5,0.0
20160911,0.5,0.0
20170709,0.30607661071827236,0.0
20181127,0.26991522184393163,-0.06
20191101,0.5999631256814731,0.76
20191109,0.22327249656403583,0.0
20191121,0.45462486223704834,-0.12
20170623,0.6566182178688126,-0.74
20180411,0.3718186323700017,-0.28
20180505,0.035975894535998726,0.0
20190521,0.4503976041959748,0.43
20190704,0.43463545373705814,0.07
20160811,0.5,0.0
20160821,0.5,0.0
20170116,0.5558043732573019,-1.07
20170208,0.5,-0.02
20170924,0.28359016700971423,0.0
20181111,0.5,0.0
20190115,0.4145733772157494,0.36
20190917,0.5,-0.53
20160725,0.1222142868932126,0.0
20160830,0.5,0.0
20170405,0.5,0.4
20171031,0.5,0.74
20190314,0.5,0.19
20190406,0.46570719136891087,0.0
20190617,0.5,-0.68
20191213,0.5,1.01
20160923,0.5,0.0
20161024,0.5,0.0
20161204,0.5,0.0
20170630,0.44177659018785087,-0.82
20171209,0.5124172326343293,0.0
20180119,0.5776044362278324,0.45
20180525,0.5,-1.7
20190728,0.12326688458171618,0.0
20191202,0.5,-2.09
20161009,0.20062062598710695,0.0
20170721,0.5,-1.31
20181023,0.09341942993919108,-0.91
20200307,0.3272794222174194,0.0
20170505,0.5702823723791058,1.11
20180718,0.6569498617750482,0.35
20180807,0.5,0.52
20200214,0.5513633340402576,0.0
20200423,0.3272794222174194,0.0
20170404,0.5,0.35
20170516,0.5,0.22
20180601,0.5,1.76
20191127,0.40640289478085023,0.41
20191207,0.5,0.0
20200421,0.3272794222174194,0.0
20170914,0.37402516073952574,-0.1
20180322,0.5430740608595024,-1.49
20190803,0.5,0.0
20160910,0.5,0.0
20170821,0.5,-0.25
20180404,0.40108095934620663,-0.38
20190108,0.39639181816602453,0.81
20190130,0.4500355797282346,-0.52
20190325,0.22506552728901477,-0.21
20190518,0.5,0.0
20190615,0.5,0.0
20191130,0.5,0.0
20161217,0.38173548986876915,0.0
20161219,0.5,-0.81
20170402,0.5,0.0
20170515,0.5,0.56
20170627,0.5,-0.46
20171104,0.5,0.0
20171226,0.45347630696653435,0.0
20180417,0.5,0.39
20181217,0.5,-0.83
20191029,0.5,-0.35
20191113,0.5,-1.21
20191117,0.5,0.0
20191128,0.5,-0.04
20191223,0.11484703472490995,-0.16
20200407,0.3272794222174194,0.0
20161228,0.13885870765398137,-0.34
20190102,0.20672291788200706,0.12
20160819,0.5,0.0
20190106,0.518453497835877,0.0
20190329,0.5535928011467642,0.72
20190730,0.5,-2.48
20190827,0.6370757021469924,0.57
20190831,0.5,0.0
20191023,0.24966154536317112,0.05
20160901,0.5,0.0
20160925,0.5,0.0
20170219,0.5,0.0
20170329,0.5,-0.21
20170424,0.5,3.76
20170708,0.5,0.0
20171124,0.7928898344893214,0.21
20190317,0.6040779400371824,0.0
20191002,0.4805243485765183,-2.77
20181106,0.13779215683584325,-0.24
20160823,0.5,0.0
20170224,0.40439914981032665,-0.42
20170729,0.5,0.0
20171022,0.5,0.0
20190918,0.5,0.31
20160715,0.5,0.0
20160730,0.5,0.0
20171202,0.48054875190991875,0.0
20180209,0.5,-1.2
20180823,0.33856165414853395,-0.13
20181024,0.17717262650719773,-0.56
20181205,0.2984669055750907,-0.55
20200313,0.3272794222174194,0.0
20170406,0.5,1.12
20180125,0.5862400985247372,0.31
20180519,0.5,0.0
20180624,0.5,0.0
20181219,0.06167875348664292,0.78
20190622,0.5,0.0
20190908,0.4457845900681934,0.0
20200213,0.29471612042103645,0.0
20170705,0.3199274367809623,-0.41
20170902,0.5145368354230007,0.0
20171101,0.5,-0.16
20171106,0.5,-0.4
20190319,0.5,0.88
20190508,0.4784664357387805,-0.09
20190709,0.26283794730391885,-0.12
20190713,0.6138188817061925,0.0
20190830,0.33186720591411667,0.21
20200306,0.3272794222174194,0.0
20161021,0.5,0.0
20181221,0.3843065894238956,-0.46
20190726,0.14922632000351913,-0.69
20191216,0.5,1.22
20200417,0.3272794222174194,0.0
20160926,0.5,0.0
20171114,0.4250016727672929,-0.59
20180810,0.09674599064970496,-1.56
20190630,0.5372118328924116,0.0
20190809,0.36586031137173647,-1.25
20161010,0.7417334532203389,0.0
20161208,0.5521646177776861,2.06
20170201,0.5,0.17
20170620,0.41299310359562286,-0.95
20170724,0.5206037181670159,0.19
20180305,0.5,0.63
20190221,0.6612019107113074,0.11
20190410,0.5,-0.01
20191229,0.3245022330745694,0.0
20200124,0.6336068842176491,0.0
20170416,0.5,0.0
20171217,0.5,0.0
20180304,0.2344198256438917,0.0
20180406,0.294185713054307,-0.6
20190310,0.39794028507373036,0.0
20190708,0.4207013804055713,-0.54
20190724,0.5,0.52
20180426,0.4636089854238431,0.45
20180806,0.39764147604056854,-0.18
20200324,0.3272794222174194,0.0
20170331,0.4998549633149789,0.55
20170531,0.5,0.03
20180902,0.3055991959698955,0.0
20190602,0.5,0.0
20161018,0.5,0.0
20170901,0.6303975342930688,0.25
20170919,0.4241271024452608,0.39
20171216,0.5,0.0
20180814,0.5284621008069532,-0.25
20200228,0.3272794222174194,0.0
20171227,0.4436676193787767,-0.16
20181021,0.38638900710462937,0.0
20181208,0.4530984625690385,0.0
20190706,0.2678943537206003,0.0
20190924,0.28036146431930375,0.27
20161028,0.42338883989186377,0.0
20171230,0.599196357224893,0.0
20191227,0.15463784736310068,0.4
20200321,0.3272794222174194,0.0
20160716,0.5,0.0
20161019,0.5,0.0
20170415,0.5,0.0
20170429,0.5,0.0
20180110,0.5,0.02
20180623,0.5260850066276553,0.0
20181224,0.35696604301378565,-0.89
20200310,0.5,0.0
20200402,0.3272794222174194,0.0
20161118,0.5,0.0
20170626,0.2537866268813145,0.62
20190806,0.32341832834862383,-0.89
20200222,0.5,0.0
20160810,0.5,0.0
20160908,0.5,0.0
20170603,0.5,0.0
20170712,0.5,1.07
20170719,0.5,0.6
20180423,0.16683768540683522,0.38
20181220,0.5,-1.97
20190914,0.5,0.0
20191108,0.42335994649212605,-0.57
20161130,0.5,0.0
20170419,0.5502701634017234,1.03
20170921,0.5,0.05
20180128,0.3228078774240138,0.0
20200112,0.5,0.0
20161109,0.5,0.0
20170112,0.4678321592940428,-0.01
20170812,0.43787197244715353,0.0
20171023,0.5,-0.6
20180721,0.4204420669350551,0.0
20180913,0.34369443660669646,0.24
20200209,0.5,0.0
20200425,0.3272794222174194,0.0
20160813,0.5,0.0
20170606,0.7245690949936615,-0.05
20180819,0.5546695319931625,0.0
20190304,0.33988654797975104,-0.09
20200305,0.5,0.0
20200319,0.3272794222174194,0.0
20160802,0.5,0.0
20180422,0.5121919402400751,0.0
20180508,0.46543290659556624,0.27
20190510,0.27848431507025956,0.25
20170108,0.5,0.0
20170608,0.41570349514595945,0.75
20180113,0.3118437772473225,0.0
20180116,0.13708566129068694,0.51
20181005,0.4544627193153769,-0.65
20190509,0.3744417674281933,-1.43
20191020,0.5114527347902953,0.0
20191024,0.5,0.07
20160906,0.5,0.0
20161110,0.5,0.0
20170509,0.6215175443193215,-0.42
20170731,0.45622827567454977,-0.32
20170911,0.7305774881105079,1.91
20180917,0.32882708504603986,0.42
20190413,0.5,0.0
20160924,0.5,0.0
20170119,0.5,-0.08
20190623,0.45121206396740693,0.0
20200105,0.5,0.0
20160905,0.5,0.0
20170726,0.7644607954855547,0.49
20180817,0.5,-0.11
20180922,0.5,0.0
20190731,0.2774296547389946,-0.17
20191013,0.2294272582689495,0.0
20171123,0.7798561553547606,0.19
20170130,0.5,-1.5
20170711,0.5394124130624544,-0.57
20170820,0.5,0.0
20171210,0.3853406578952957,0.0
20190119,0.2935950043325873,0.0
20160817,0.5,0.0
20180221,0.44501654705526755,-0.73
20180502,0.6088360336610817,1.09
20180711,0.43142426690722013,-1.57
20180726,0.4744894895593571,0.79
20190128,0.33866689308956716,-1.34
20190302,0.5,0.0
20200414,0.3272794222174194,0.0
20170421,0.31344787781856714,0.04
20180203,0.4250766121281849,0.0
20180314,0.5,-0.03
20180608,0.4736160111254898,-0.84
20180717,0.5916154373415813,0.03
20180915,0.5671185871734474,0.0
20181027,0.30994451113391924,0.0
20190118,0.5,1.8
20200101,0.5818979911458698,0.0
20200205,0.6621143365257978,0.0
20200224,0.1613813029116085,0.0
20161006,0.5852813037324289,0.0
20161008,0.5,0.0
20170501,0.5,0.0
20170727,0.5884008258501533,0.26
20171009,0.20124558381041752,0.5
20171016,0.5,-0.75
20171026,0.5,1.92
20171128,0.5042628795890166,0.81
20180513,0.5041043058892667,0.0
20181107,0.2835841302086878,1.99
20190228,0.5,0.72
20190408,0.5,-0.76
20200226,0.5,0.0
20161123,0.5,0.0
20170411,0.5,-0.21
20170822,0.5,0.48
20170906,0.5,-0.48
20190322,0.3063807190557329,-1.67
20191019,0.31977150525359355,0.0
20200127,0.4179177544801595,0.0
20170604,0.5,0.0
20170612,0.48339230395555105,-1.24
20171108,0.5,-0.02
20171203,0.5,0.0
20180521,0.4692606619770109,-0.45
20180710,0.1905891105046327,-0.38
20190828,0.5028221021855038,0.21
20190904,0.3232429991666908,0.54
20160803,0.5,0.0
20161030,0.5,0.0
20170226,0.5,0.0
20170609,0.5,0.23
20170611,0.4014731651272228,0.0
20190107,0.5,0.44
20190428,0.2816636682646627,0.0
20190714,0.5733890204199308,0.0
20190812,0.5,-0.93
20161029,0.5,0.0
20181123,0.5,0.12
20191114,0.3165814096565274,-0.23
20191212,0.5,0.81
20161111,0.5,0.0
20171014,0.5,0.0
20180112,0.5,0.26
20180526,0.47693046196300126,0.0
20181006,0.007863675573575103,0.0
20181014,0.24498624915049205,0.0
20181120,0.4399258516550195,-1.55
20190425,0.5,0.47
20190815,0.5,-0.04
20191123,0.28180090313780143,0.0
20200128,0.5,0.0
20200130,0.5,0.0
20161105,0.5,0.0
20170422,0.5,0.0
20180225,0.4128582684376242,0.0
20180724,0.5,0.48
20190411,0.5,0.41
20190629,0.5,0.0
20190916,0.6242212441015224,-0.94
20161025,0.5,0.0
20161116,0.5,0.0
20190426,0.5,0.05
20200411,0.3272794222174194,0.0
20170105,0.5,0.27
20170916,0.5,0.0
20190505,0.45105087555568707,0.0
20190522,0.5,-0.07
20160712,0.8309432015757638,0.0
20170221,0.5,0.36
20170324,0.20659399531671438,-0.15
20180108,0.47611594802357754,-0.12
20180215,0.49061859236646777,0.3
20180312,0.43129736716137307,0.43
20180315,0.5,-0.04
20190125,0.29019841633559634,0.38
20190905,0.5,1.54
20191220,0.47104475152621356,0.61
20170303,0.5,0.85
20170325,0.5,0.0
20170826,0.5,0.0
20180201,0.3724656445260952,-0.5
20181128,0.5,0.19
20181129,0.5,-0.04
20190328,0.19571521876193876,-0.6
20170202,0.5,0.81
20170716,0.47296331014560944,0.0
20170818,0.5,-0.56
20200123,0.5,0.0
20200204,0.5,0.0
20160831,0.5,0.0
20180317,0.5,0.0
20180607,0.2298535214288986,0.38
20170306,0.33045097810994284,0.06
20170408,0.5,0.0
20190807,0.5108392633811901,0.54
20200109,0.3519651140356676,0.0
20160822,0.5,0.0
20161127,0.33187622760600427,0.0
20170926,0.41768402770152285,-0.26
20180114,0.2784119949670378,0.0
20180727,0.43380307313827837,0.9
20181022,0.36151019604260043,-0.96
20181101,0.08001124133223027,0.69
20181202,0.31961930894979224,0.0
20191001,0.5532072684124097,-0.85
20191015,0.5,1.19
20161107,0.5,0.0
20170109,0.5,-0.24
20170720,0.4775255225408317,-0.22
20191102,0.43718716443405853,0.0
20200406,0.3272794222174194,0.0
20170514,0.4196308736529567,0.0
20171113,0.4816781088786189,-0.42
20181204,0.2515422310539787,-1.28
20190930,0.3207098742031604,0.66
20191125,0.5372610982364306,0.7
20200207,0.5,0.0
20200501,0.3272794222174194,0.0
20170706,0.5050665461491215,-0.24
20171122,0.8754415357421376,0.21
20190202,0.34085353541128793,0.0
20190214,0.7311919182270177,-0.33
20190717,0.3965674913554142,-0.99
20191022,0.5,-0.24
20191111,0.5,-0.06
20161012,0.5,0.0
20170114,0.4617305729832573,0.0
20170607,0.44363003228935655,-0.07
20171103,0.5,-0.96
20171110,0.5,-0.48
20171201,0.10691808244702036,-1.23
20171213,0.5288764502757851,-0.27
20180414,0.5,0.0
20181119,0.2241936619107029,-0.56
20190206,0.5,0.1
20190725,0.5,-0.43
20191009,0.5,0.58
20191106,0.47947355757522064,-0.1
20160914,0.5,0.0
20171207,0.3975547346177935,0.77
20180531,0.5,-1.05
20190817,0.644897533196346,0.0
20200317,0.5,0.0
20180118,0.5,-0.4
20180213,0.4722026257787535,-1.23
20180323,0.5,-0.99
20180612,0.6151335849051851,0.16
20190925,0.07496052853888133,-0.36
20170713,0.5,0.93
20170811,0.5636947461130416,-1.6
20180517,0.2985616573747711,1.04
20190720,0.7420399724701479,0.0
20200131,0.3607905657266163,0.0
20200329,0.3272794222174194,0.0
20161129,0.5,0.0
20170409,0.2829807958523832,0.0
20170703,0.3670335516809087,1.53
20180611,0.5,1.56
20190430,0.22498225798908758,0.56
20191228,0.3501667681513064,0.0
20200208,0.5,0.0
20160827,0.5,0.0
20170912,0.5,0.13
20180124,0.5,-0.44
20180227,0.5,-0.02
20181231,0.35419723408694,0.54
20190212,0.5,0.52
20170225,0.5,0.0
20180327,0.5,0.99
20180518,0.5,-1.02
20190415,0.8166021113476462,0.3
20191215,0.5,0.0
20200227,0.3272794222174194,0.0
20200312,0.3272794222174194,0.0
20160824,0.5,0.0
20170120,0.5,0.01
20170304,0.5,0.0
20170718,0.6450148736774397,-1.19
20180630,0.3207997088915532,0.0
20180723,0.30719532200494243,0.01
20190513,0.6791632318446796,-0.78
20161214,0.5,-1.21
20170427,0.5,-0.74
20170513,0.5,0.0
20171228,0.493681629762593,-0.71
20180413,0.30350279651240863,0.21
20180906,0.2976425329220793,-1.0
20190703,0.3368312859395934,1.22
20190719,0.6247365664065995,-0.6
20190829,0.22937922528343738,0.54
20200115,0.23453767492242053,0.0
20180117,0.49447402341915875,-0.44
20180504,0.08624216933855802,0.65
20180808,0.16917060142514606,-0.26
20190104,0.15002771537661191,2.52
20190122,0.38542741334455516,-0.18
20190422,0.43470220961449973,0.0
20190607,0.5635042082630354,0.73
20200408,0.3272794222174194,0.0
20200424,0.3272794222174194,0.0
20160917,0.5,0.0
20170523,0.2939155813487135,1.14
20170529,0.07225182425443971,-0.19
20170928,0.7550915720275863,-0.39
20171025,0.5,-0.51
20180217,0.5,0.0
20181002,0.5,-1.08
20200304,0.3272794222174194,0.0
20200419,0.5,0.0
20161102,0.6568699251722995,0.0
20170423,0.5,0.0
20171006,0.5,-0.29
20171019,0.5,-0.74
20180328,0.5,0.86
20190614,0.4502684710535041,-0.57
20200415,0.3272794222174194,0.0
20160921,0.5,0.0
20161007,0.3937210331621524,0.0
20161031,0.27499432471985796,0.0
20180802,0.5125256641717186,-1.03
20180919,0.8283367949138467,0.41
20190928,0.5442477463784149,0.0
20191027,0.5,0.0
20200327,0.3272794222174194,0.0
20160726,0.31555231662879213,0.0
20170227,0.5,0.11
20170318,0.5,0.0
20170704,0.5,-0.35
20180614,0.48368676584920145,0.59
20180709,0.5,0.22
20190727,0.4491193371272793,0.0
20200215,0.40759423120806865,0.0
20200309,0.3272794222174194,0.0
20200320,0.3272794222174194,0.0
20170206,0.5,-1.11
20170615,0.3895682892236739,-0.71
20170628,0.6831924849838761,0.51
20180425,0.4060412998767179,-0.26
20190721,0.5,0.0
20200110,0.5,0.0
20200121,0.17090048567015925,0.0
20200125,0.6570719886225989,0.0
20161225,0.5,0.0
20170312,0.5,0.0
20170506,0.5,0.0
20180311,0.33372268922764653,0.0
20180407,0.4704942597403902,0.0
20180507,0.5125845273057288,0.36
20180719,0.1774781699801504,-0.33
20190418,0.5,0.34
20191008,0.4026725952005497,-1.15
20170217,0.5,-0.57
20170629,0.36906766924108547,-1.6
20171118,0.3984015388018822,0.0
20181025,0.5,1.24
20161229,0.5,-0.19
20170310,0.5,0.08
20170407,0.3686210904914995,0.1
20170503,0.9498375047332199,0.15
20180924,0.500224600261059,-0.81
20190316,0.2787465985810715,0.0
20160805,0.5,0.0
20161023,0.5,0.0
20161103,0.5,0.0
20180122,0.2661745653227896,1.0
20180813,0.2738753161568819,-0.75
20181102,0.2771367210275532,0.43
20200325,0.3272794222174194,0.0
20160912,0.23245374005067618,0.0
20170203,0.5,0.6
20171112,0.5,0.0
20181001,0.3034958634433443,0.19
20190318,0.4656603698774693,0.72
20191231,0.49807324308791023,-0.66
20160801,0.5,0.0
20161122,0.5,0.0
20200111,0.5,0.0
20200322,0.5,0.0
20160829,0.5,0.0
20161205,0.5616423757272222,0.0
20161210,0.5,0.0
20161216,0.5,0.77
20170124,0.5,0.89
20171229,0.4703719414301086,-0.49
20180622,0.6405767174356218,0.93
20180825,0.7019103048538601,0.0
20190312,0.25978824548485707,-0.11
20190824,0.4193507777225926,0.0
20160920,0.5,0.0
20170806,0.5,0.0
20180202,0.1892602395405879,-1.81
20190519,0.19468698167990584,0.0
20200117,0.5,0.0
20170106,0.5,0.29
20171005,0.5,2.51
20180106,0.46539616555473995,0.0
20180401,0.4281199416922715,0.0
20190127,0.5,0.0
20190404,0.4165576632622623,0.49
20161211,0.5292825739082353,0.0
20200119,0.41764107588549937,0.0
20170121,0.5,0.0
20180722,0.37741454635100813,0.0
20181117,0.6344530171907558,0.0
20190330,0.43972346152921277,0.0
20190705,0.5,-0.7
20160902,0.5,0.0
20170211,0.470676434279887,0.0
20171003,0.5,0.02
20171204,0.5,1.23
20180511,0.32216875539837375,0.24
20181009,0.1636514324420757,0.67
20181109,0.5,-0.46
20190203,0.5,0.0
20190307,0.1489001918787625,-0.5
20190403,0.5834526860848075,1.33
20200404,0.3272794222174194,0.0
20170930,0.5,0.0
20180412,0.5,0.12
20180602,0.5,0.0
20180831,0.23370971138369995,-0.72
20190530,0.43076178206475524,0.85
20160720,0.5,0.0
20170618,0.521742035894061,0.0
20171029,0.5,0.0
20180219,0.3149293872232085,-0.26
20180320,0.18452902983595493,0.18
20180509,0.21948824757651297,0.52
20190528,0.31488014989263996,-0.27
20191224,0.5317553579067378,0.02
20200122,0.75104897833551,0.0
20161126,0.5,0.0
20170714,0.5,-0.03
20171001,0.5,0.0
20171116,0.5,0.75
20180911,0.5,0.14
20181105,0.30308017457567604,0.2
20190523,0.5,-1.28
20191012,0.4058436920217399,0.0
20200422,0.5,0.0
20200430,0.3272794222174194,0.0
20161213,0.5,1.58
20170125,0.5,1.73
20170311,0.5,0.0
20180313,0.3937944577081268,-0.37
20180316,0.3117294346175193,0.79
20180627,0.5,0.22
20180912,0.5,0.24
20180923,0.4139781552932905,0.0
20181214,0.5,-0.45
20181229,0.23087049364042725,0.0
20190504,0.5,0.0
20171221,0.5,0.95
20180713,0.5067773430388045,-0.33
20181019,0.2591742183652464,0.03
20181108,0.44816284574599385,0.1
20190101,0.4124360777415352,0.0
20190601,0.5,0.0
20170426,0.5,-0.18
20170825,0.5231579372957051,-0.12
20170908,0.562117965016538,0.05
20180801,0.3971723230488075,-0.72
20181007,0.05108265737416276,0.0
20190405,0.37625279034254094,-0.25
20170520,0.5,0.0
20171111,0.5,0.0
20180420,0.09175955918461091,0.16
20180830,0.2770928643321854,-1.06
20180909,0.5,0.0
20200426,0.5,0.0
20200427,0.3272794222174194,0.0
20160929,0.5,0.0
20170110,0.542388520952623,-0.43
20180512,0.44562059427040124,0.0
20181004,0.43183340583225144,-0.5
20181223,0.5,0.0
20190131,0.19815197469881007,-0.16
20190524,0.1865136569734113,0.66
20190718,0.372862620636226,-0.63
20190810,0.490603988526317,0.0
20170222,0.1875330889595285,-0.88
20170814,0.20964911378756718,1.73
20171206,0.36413259482218796,-0.27
20171220,0.378131731843498,-0.26
20180501,0.5,0.0
20180816,0.16772280655425073,0.43
20190910,0.4617570261836561,0.75
20191119,0.4082607399369703,0.01
20161004,0.5,0.0
20161014,0.5,0.0
20161212,0.5,0.18
20170510,0.7388073737437464,-0.13
20190707,0.37710729525515607,0.0
20191118,0.3103999384781604,-0.04
20191219,0.5,-0.05
20161104,0.5,0.0
20170115,0.22993855419214082,0.0
20170314,0.5,-0.91
20170807,0.6744135141912214,0.17
20180618,0.630404686434898,-0.83
20190419,0.10513166056857409,0.0
20191112,0.5,-0.87
20200201,0.5,0.0
20200221,0.22207135942640857,0.0
20200412,0.3272794222174194,0.0
20161027,0.5,0.0
20161112,0.5,0.0
20170710,0.6727063017340612,0.2
20180606,0.49091239573105566,1.09
20181008,0.3133813139783465,-0.59
20190110,0.5,0.38
20200120,0.5,0.0
20170927,0.40672774212238805,1.76
20171030,0.5,2.44
20190619,0.588428757453494,-0.1
20191105,0.29383721187421036,-0.09
20200405,0.3272794222174194,0.0
20161202,0.5,0.0
20171218,0.2759231861416932,0.92
20180109,0.4737374162822833,0.27
20180617,0.5,0.0
20190628,0.47337218878997567,0.56
20190710,0.21213341618018372,-0.23
20190826,0.5,0.34
20191021,0.41183283936271925,0.78
20200326,0.3272794222174194,0.0
20161124,0.5,0.0
20170102,0.5,0.71
20170216,0.5,-0.31
20171028,0.5,0.0
20180920,0.5,1.03
20190525,0.5,0.0
20190722,0.5,-0.08
20200308,0.3272794222174194,0.0
20160816,0.5,0.0
20170315,0.5,0.79
20170401,0.5,0.0
20170802,0.5,-0.69
20180403,0.5,-0.53
20180621,0.36978700437823914,-0.89
20181121,0.31223086193748945,1.06
20190819,0.3073181969564051,0.73
20191206,0.5,1.51
20170309,0.3188055247066952,1.5
20171011,0.5,1.34
20180331,0.6802144978634573,0.0
20180625,0.4908007730200187,-1.78
20181130,0.42600279505450483,-0.24
20190321,0.5,-0.53
20191126,0.3909746440604334,0.05
20171205,0.5,0.03
20180926,0.2171259205054768,0.33
20190225,0.4090312733130858,-0.0
20200315,0.3272794222174194,0.0
20170425,0.5,0.15
20180115,0.6722726395319683,0.05
20180628,0.3709890361631149,-0.72
20180818,0.5,0.0
20181216,0.35187479575180225,0.0
20190409,0.5,-0.32
20190512,0.5,0.0
20191004,0.5,0.67
20191006,0.29108922121600755,0.0
20191124,0.5,0.0
20160930,0.5,0.0
20171004,0.5,-2.85
20171125,0.5,0.0
20180207,0.25933723478720727,1.7
20180827,0.20633390131861085,0.73
20181113,0.35987010026634075,0.76
20190627,0.5,-0.1
20190801,0.5,0.75
20190923,0.5,-0.93
20200216,0.5,0.0
20200229,0.3272794222174194,0.0
20180318,0.30032150106112654,0.0
20190427,0.5,0.0
20190511,0.5,0.0
20190901,0.5,0.0
20200107,0.5,0.0
20160916,0.5,0.0
20161231,0.5,0.0
20170107,0.5,0.0
20170622,0.4819565831110577,-0.29
20180111,0.593849811315451,0.07
20180418,0.3988189345214224,0.54
20180428,0.5,0.0
20180503,0.3946769146397671,-0.5
20180514,0.4014018293867547,-0.13
20180523,0.5,-1.12
20180610,0.5,0.0
20180708,0.5,0.0
20180729,0.5,0.0
20190323,0.5153443465530926,0.0
20160731,0.5,0.0
20170418,0.5,-0.6
20180604,0.2856544475406393,1.22
20180720,0.4396880773574711,0.04
20160809,0.5,0.0
20160826,0.5,0.0
20161015,0.5,0.0
20161215,0.529207541752454,1.33
20170804,0.46090090057683253,1.04
20170823,0.5,-0.69
20180101,0.4427005176432236,0.0
20180107,0.5,0.0
20180330,0.37483534365770027,0.0
20180809,0.5835078701244641,0.08
20180811,0.6093703761497218,0.0
20190120,0.34633123421724893,0.0
20190429,0.5,0.12
20160714,0.5,0.0
20160806,0.5,0.0
20170512,0.5,0.33
20170829,0.6332689169064019,-0.91
20181118,0.2137942732286964,0.0
20190210,0.49289617885823916,0.0
20190915,0.615864046825735,0.0
20170326,0.5,0.0
20170922,0.35937610979542245,0.08
20171231,0.5993873744546301,0.0
20180928,0.5,-1.45
20190220,0.20240382880547472,0.49
20190608,0.31052581190706,0.0
20190816,0.49128538240619557,1.78
20190909,0.5,0.23
20191211,0.5,0.77
20200219,0.16195047790965839,0.0
20180206,0.46410545822138116,-2.53
20180921,0.3020977953824532,0.07
20181126,0.30724054505359055,1.96
20190502,0.5,-1.59
20191003,0.3162605926999618,-0.11
20170610,0.4703976716874348,0.0
20180326,0.45862958894333444,-0.13
20190611,0.14397116694429588,-0.13
20191205,0.5,-0.3
20200318,0.3272794222174194,0.0
20161230,0.5,0.27
20170128,0.5,0.0
20170507,0.5,0.0
20170602,0.7355332210803895,0.23
20170624,0.5,0.0
20170828,0.5498351937794316,-0.57
20180307,0.25486004390989764,0.13
20181230,0.3058775487360628,0.0
20190320,0.5,-0.91
20190526,0.5,0.0
20191226,0.3968713301963376,0.0
20200323,0.3272794222174194,0.0
20160818,0.5,0.0
20170502,0.5,0.98
20171219,0.40316349077859376,-0.1
20190503,0.36073249232697185,-0.09
20191007,0.340874041059217,0.92
20170127,0.5,-0.09
20170209,0.39433880685113576,1.17
20170815,0.4169543941198726,0.19
20180321,0.5,-0.52
20190421,0.5,0.0
20200220,0.2617150139505185,0.0
20200410,0.3272794222174194,0.0
20171017,0.5,0.35
20180605,0.23237565146974629,-0.66
20181016,0.5,1.69
20181124,0.5400160347288078,0.0
20181226,0.5,0.0
20200416,0.3272794222174194,0.0
20160812,0.5,0.0
20180131,0.45667776497972556,0.22
20180609,0.26358468446620587,0.0
20190223,0.2842914127064626,0.0
20190610,0.5879449464292968,0.63
20191129,0.5,-0.07
20160815,0.5,0.0
20170330,0.5,0.37
20170701,0.5192230551089426,0.0
20170816,0.4863770303561827,0.6
20180728,0.3231343303636812,0.0
20181030,0.33780296484303424,-0.17
20190216,0.1630896212614123,0.0
20190506,0.5,-0.84
20190516,0.3373354409503554,1.39
20190618,0.3585240698383095,1.19
20190811,0.13004693326895514,0.0
20160915,0.5,0.0
20161020,0.5,0.0
20170920,0.5,-0.83
20171012,0.3737092282282349,-0.02
20180212,0.44217284450665684,1.36
20180812,0.5,0.0
20180821,0.5177545454148293,0.85
20181209,0.480179362789508,0.0
20190606,0.5,0.2
20191017,0.4412198220197229,-0.5
20170321,0.5,-0.02
20170412,0.5,-0.54
20170728,0.5,-0.63
20170824,0.5,0.19
20180102,0.5387248948002815,0.35
20181210,0.6057677425877329,-1.76
20190507,0.3923234182326461,-1.03
20191016,0.2514343528822736,0.33
20200108,0.5,0.0
20161222,0.43439901424335653,-0.41
20170214,0.5,0.28
20181201,0.30269442322801005,0.0
20181215,0.4932211284438228,0.0
20170307,0.7015145227055035,-0.02
20170903,0.6470439248489911,0.0
20180324,0.5,0.0
20190219,0.5458064770971373,-0.21
20200206,0.5,0.0
20161218,0.40536048857504886,0.0
20180104,0.5425231807528531,1.96
20190207,0.5,-1.79
20190902,0.5083559219658779,0.03
20200203,0.0,0.0
20200212,0.5,0.0
20170131,0.4365621132001782,-0.49
20170213,0.5,1.13
20170320,0.5,-0.31
20170403,0.5,-1.32
20170525,0.5,0.28
20180308,0.5,0.49
20180731,0.4512894512069817,0.17
20190612,0.5,-0.47
20200429,0.3272794222174194,0.0
20160909,0.5,0.0
20160913,0.5,0.0
20170228,0.5,0.96
20170616,0.49257259150821087,0.56
20171211,0.4068543476083814,-0.14
20171225,0.5,0.0
20200103,0.5,-0.46
20200401,0.3272794222174194,0.0
20200403,0.3272794222174194,0.0
20161121,0.29266216074151474,0.0
20170204,0.5,0.0
20180730,0.36053883015945104,-0.14
20180824,0.3562056498217133,0.23
20190624,0.4148764735721005,-0.38
20190927,0.19667233446525884,0.6
20200225,0.1613813029116085,0.0
20170601,1.0,0.01
20181012,0.5,-1.18
20190303,0.5,0.0
20160918,0.5,0.0
20161221,0.5,-0.38
20170305,0.5,0.0
20170808,0.6067073525577668,0.55
20180120,0.4230579057922874,0.0
20190424,0.9873129336354378,-0.74
20191208,0.5,0.0
20160919,0.5,0.0
20170817,0.38327068956323795,-0.95
20170917,0.28206294934706255,0.0
20170923,0.7766259747710583,0.0
20180530,0.5,0.47
20180907,0.5,-0.41
20181110,0.5269566918664073,0.0
20190414,0.5,0.0
20170212,0.5,0.0
20170707,0.5,-0.09
20170830,0.3993042955894396,0.52
20171126,0.5,0.0
20190105,0.4854953107213493,0.0
20190821,0.3888210749525162,0.97
20191120,0.17475923032422452,-0.37
20191221,0.4126209498816701,0.0
20161101,0.5,0.0
20170527,0.28427558480169046,0.0
20170810,0.6322221876383979,-1.38
20171115,0.5,0.24
20180105,0.39137220955111357,0.94
20180410,0.4830022907237523,0.21
20190517,0.2824603908820806,-0.26
20190625,0.25609340684435555,-0.36
20170218,0.5,0.0
20190114,0.38895446141681556,-0.66
20200129,0.3637955607052003,0.0
20161128,0.4756625889909002,0.0
20170126,0.45111717021096326,-0.38
20170915,0.525448628061696,-0.42
20171007,0.5,0.0
20181017,0.5,-0.85
20190926,0.13284007162153977,0.49
20200330,0.5,0.0
20161022,0.5,0.0
20170715,0.5,0.0
20180613,0.5,-0.15
20190129,0.5,0.63
20190217,0.47144998097709145,0.0
20190401,0.562345692649901,1.1
20180914,0.5255582256420351,0.39
20181018,0.32667936850138324,-1.2
20200211,0.5,0.0
20161207,0.38877239968760463,0.75
20180302,0.5,-2.13
20191122,0.5,0.44
20161001,0.5,0.0
20161206,0.5,0.0
20170118,0.5,-0.09
20170220,0.5124416715380914,0.28
20170317,0.5,0.77
20170327,0.5,-0.06
20170801,0.4966285938209586,0.8
20180712,0.42257319611927,0.35
20190224,0.38030129842356464,0.0
20190423,0.5,-0.57
20170511,0.5,-1.57
20171119,0.5,0.0
20180204,0.5975103665955558,0.0
20180218,0.4502444688052132,0.0
20180901,0.27149738354739844,0.0
20190327,0.41394535861887477,0.51
20191010,0.4455979281274803,1.25
20200102,0.34095848496417835,1.49
20170129,0.5,0.0
20170322,0.5,0.17
20170528,0.5775676335325776,0.0
20171129,0.3845996174548153,1.22
20181028,0.5,0.0
20190215,0.5,1.91
20191115,0.5,0.96
20200223,0.16793578687085803,0.0
20180306,0.5525789027710869,-0.04
20180419,0.25144239944869334,0.11
20180524,0.25928914727168373,-0.29
20181026,0.5,-0.62
20190716,0.444234348855137,0.57
20190912,0.33267604247317983,0.25
20200113,0.3565286560156791,0.0
20161203,0.5,0.0
20170111,0.5,-0.46
20170827,0.4607571223680475,0.0
20190103,0.5,-0.31
20191104,0.3610482046877621,0.95
20190514,0.38162535757417765,0.89
20190723,0.2651664217647035,1.29
20200428,0.5,0.0
20170210,0.15869450301808774,-0.64
20170328,0.5,0.84
20180415,0.47143905903790606,0.0
20190213,0.5,-0.01
20190808,0.3572878438863885,1.41
20200409,0.3272794222174194,0.0
20160808,0.5,0.0
20161017,0.20249251556055478,0.0
20170907,0.5,-0.06
20171027,0.5,-1.45
20180224,0.9809335141188937,0.0
20180309,0.5,0.41
20191201,0.5,0.0
20180706,0.6092149566692494,0.39
20181029,0.42896368083576136,1.04
20190609,0.2991256411015847,0.0
20191107,0.33901716225876805,0.52
20200126,0.3196660833504823,0.0
20180301,0.3991231524826532,-1.03
20180829,0.45400038679973614,-0.39
20190913,0.5,0.61
20180126,0.5,0.0
20180522,0.2896853931275131,0.72
20180804,0.316705865608236,0.0
20180905,0.34925569607686624,-0.8
20180929,0.5,0.0
20181003,0.31191341589291993,0.6
20190124,0.5,0.23
20190711,0.372849894177076,0.3
20191025,0.5227269452747321,0.41
20160721,0.5,0.0
20170619,0.3118879476556025,0.83
20171020,0.5,0.25
20180220,0.5043648437292659,0.91
20180822,0.3156259766325832,0.33
20180903,0.5,-0.24
20190805,0.23244449182037427,-1.35
20170316,0.5,1.85
20170614,0.5,-0.98
20180127,0.52991183832544,0.0
20180208,0.46504257200891824,-2.21
20180310,0.5,0.0
20180409,0.5761066812674442,0.62
20180820,0.5,0.54
20180910,0.4251346160011016,1.09
20181010,0.5,-1.05
20181013,0.5,0.0
20170819,0.5,0.0
20190402,0.3897153640030953,0.23
20191210,0.5,-0.36
20160719,0.5,0.0
20160928,0.5,0.0
20161005,0.5,0.0
20170123,0.5,-0.8
20170831,0.4915411934776531,0.52
20171010,0.5,-0.92
20180210,0.7015776971582447,0.0
20180325,0.5,0.0
20180430,0.5,0.56
20180603,0.4427219675287973,0.0
20181020,0.39504117749447615,0.0
20160922,0.5,0.0
20161220,0.5,0.76
20170730,0.5,0.0
20171222,0.5,-1.19
20190621,0.5423810665869069,0.2
20200116,0.3086518471199366,0.0
20161117,0.8132395541493487,0.0
20170702,0.4543224094659179,0.0
20171127,0.46745435914090844,0.1
20180615,0.28163862491971187,-1.07
20190204,0.2903691460311841,-0.49
20190818,0.5591562620944216,0.0
20190922,0.5,0.0
20170722,0.654264912472176,0.0
20180416,0.6734807493253736,-0.01
20190822,0.44556320151247203,0.17
20160713,0.5,0.0
20161002,0.5,0.0
20161016,0.5,0.0
20161113,0.4750566471081129,0.0
20170101,0.5,0.0
20180103,0.39498376570553717,0.37
20180916,0.32984455824735204,0.0
20190226,0.1658581941700107,0.25
20190515,0.5,0.54
20160722,0.5,0.0
20170215,0.6941605936893571,0.78
20170301,0.5,2.05
20190605,0.3943768104626772,0.36
20200328,0.3272794222174194,0.0
20161120,0.47047943210578996,0.0
20170103,0.5,0.81
20170508,0.5,-0.35
20171021,0.5,0.0
20171214,0.34153368651720295,-0.82
20180629,0.6061781823892923,0.35
20190301,0.17110232230379027,-0.11
20190604,0.4493036089978202,1.05
20190903,0.5419993430779051,-0.07
20200210,0.5,0.0
20160729,0.5,0.0
20171109,0.5,-0.86
20180211,0.5,0.0
20180620,0.24674033176587423,0.34
20171215,0.5,-0.26
20171224,0.5,0.0
20180716,0.31000352047324303,-0.18
20190209,0.3435041532316318,0.0
20191011,0.5,1.86
20170205,0.5,0.0
20180319,0.3982512158348187,-0.99
20180925,0.41247499878090715,-0.2
20181125,0.5,0.0
20181228,0.27441789307173486,1.55
20190311,0.3713649235717882,0.47
20190616,0.4629966517800179,0.0
20190626,0.6371839964456543,-0.03
20190823,0.36384589357349145,-0.77
20191030,0.2900585826932674,-1.23
20180506,0.5,0.0
20180529,0.25813959258333957,-2.49
20180626,0.24062226020535663,0.2
20170319,0.2143226991464061,0.0
20171208,0.37075973799294637,0.57
20190117,0.2844580161818537,-0.05
20190802,0.2206116481350588,-1.56
20190820,0.5,-1.32
20191028,0.4692873085634171,0.03
20161003,0.34380539799461535,0.0
20161227,0.5,0.1
20170909,0.4581313037179081,0.0
20180121,0.541764976903942,0.0
20180130,0.23656061040885046,-1.21
20180815,0.5,-1.26
20181015,0.3911355395045618,0.24
20181211,0.3555110946113512,0.87
20190702,0.5,0.18
20190919,0.4307558266398915,1.15
20160718,0.5,0.0
20160903,0.5,0.0
20171002,0.5,-1.21
20180129,0.4355993723540382,-0.38
20180214,0.5,0.37
20160927,0.5,0.0
20170414,0.5,0.0
20170530,0.3687849034492795,-0.07
20180223,0.5,-0.55
20181122,0.32402945261815247,-0.61
20181203,0.5,1.13
20190326,0.20530174684733982,0.03
20191217,0.5,-0.67
20200418,0.5,0.0
20160728,0.3005622109323874,0.0
20170517,0.5,-1.79
20170519,0.5,1.41
20170621,0.5356774133346065,-0.05
20180123,0.3621062385134723,0.24
20180405,0.5,2.39
20190116,0.31123979527031465,0.71
20190306,0.5,0.42
20171102,0.5,-0.47
20180329,0.37309652437984714,0.48
20180703,0.2636755623889549,1.07
20180725,0.29625494565109184,-0.72
20180828,0.2187104119251678,-0.55
20181218,0.2735189954277001,-1.27
20190315,0.3746574196562894,1.44
20200302,0.5,0.0
20160904,0.5,0.0
20171223,0.5,0.0
20200114,0.3090554852464065,0.0